{
  "model": "logistic",
  "validation": {
    "accuracy": 0.48439181916038754,
    "macro_f1": 0.4462898988177077,
    "weighted_f1": 0.4824995924937335,
    "per_class_f1": [
      0.44642857142857145,
      0.3787878787878788,
      0.62,
      0.35789473684210527,
      0.23300970873786409,
      0.6416184971098265
    ],
    "per_class_recall": [
      0.8064516129032258,
      0.5208333333333334,
      0.8157894736842105,
      0.25073746312684364,
      0.36363636363636365,
      0.6149584487534626
    ],
    "confusion_matrix": [
      [
        50,
        4,
        1,
        4,
        1,
        2
      ],
      [
        8,
        50,
        3,
        8,
        6,
        21
      ],
      [
        0,
        1,
        31,
        0,
        3,
        3
      ],
      [
        48,
        69,
        19,
        85,
        35,
        83
      ],
      [
        7,
        3,
        3,
        8,
        12,
        0
      ],
      [
        49,
        41,
        5,
        31,
        13,
        222
      ]
    ]
  },
  "test": {
    "accuracy": 0.4747039827771798,
    "macro_f1": 0.44540605499171404,
    "weighted_f1": 0.4691367517984258,
    "per_class_f1": [
      0.4,
      0.41605839416058393,
      0.5961538461538461,
      0.3146997929606625,
      0.30434782608695654,
      0.6411764705882353
    ],
    "per_class_recall": [
      0.7377049180327869,
      0.59375,
      0.8157894736842105,
      0.22418879056047197,
      0.42424242424242425,
      0.6022099447513812
    ],
    "confusion_matrix": [
      [
        45,
        3,
        0,
        9,
        2,
        2
      ],
      [
        5,
        57,
        5,
        10,
        5,
        14
      ],
      [
        1,
        2,
        31,
        2,
        1,
        1
      ],
      [
        62,
        72,
        17,
        76,
        29,
        83
      ],
      [
        0,
        5,
        4,
        10,
        14,
        0
      ],
      [
        51,
        39,
        9,
        37,
        8,
        218
      ]
    ]
  }
}