{
  "model": "logistic",
  "validation": {
    "accuracy": 0.15476190476190477,
    "macro_f1": 0.15547551870288512,
    "weighted_f1": 0.15547551870288512,
    "per_class_f1": [
      0.11428571428571428,
      0.08163265306122448,
      0.07547169811320754,
      0.2153846153846154,
      0.19607843137254902,
      0.25
    ],
    "confusion_matrix": [
      [
        4,
        4,
        6,
        6,
        5,
        3
      ],
      [
        8,
        2,
        6,
        6,
        3,
        3
      ],
      [
        6,
        7,
        2,
        6,
        3,
        4
      ],
      [
        7,
        2,
        6,
        7,
        4,
        2
      ],
      [
        8,
        5,
        1,
        7,
        5,
        2
      ],
      [
        9,
        1,
        4,
        5,
        3,
        6
      ]
    ]
  },
  "test": {
    "accuracy": 0.17857142857142858,
    "macro_f1": 0.1720903812511497,
    "weighted_f1": 0.1720903812511497,
    "per_class_f1": [
      0.22857142857142856,
      0.24,
      0.15384615384615385,
      0.18666666666666668,
      0.13043478260869565,
      0.09302325581395349
    ],
    "confusion_matrix": [
      [
        8,
        5,
        5,
        6,
        3,
        1
      ],
      [
        7,
        6,
        4,
        6,
        3,
        2
      ],
      [
        7,
        2,
        4,
        11,
        0,
        4
      ],
      [
        6,
        4,
        5,
        7,
        2,
        4
      ],
      [
        8,
        3,
        2,
        10,
        3,
        2
      ],
      [
        6,
        2,
        4,
        7,
        7,
        2
      ]
    ]
  }
}