{
  "model": "xgboost",
  "mode": "audio",
  "validation": {
    "accuracy": 0.5374965151937552,
    "macro_f1": 0.5314078952536995,
    "weighted_f1": 0.5315736527565008,
    "per_class_f1": [
      0.5301027900146843,
      0.6936416184971098,
      0.684375,
      0.34604651162790695,
      0.4186851211072664,
      0.5155963302752293
    ],
    "per_class_recall": [
      0.6077441077441077,
      0.7011686143572621,
      0.73,
      0.3105175292153589,
      0.40672268907563025,
      0.4683333333333333
    ],
    "confusion_matrix": [
      [
        361,
        7,
        25,
        82,
        76,
        43
      ],
      [
        14,
        420,
        37,
        27,
        54,
        47
      ],
      [
        21,
        36,
        438,
        44,
        46,
        15
      ],
      [
        178,
        37,
        59,
        186,
        71,
        68
      ],
      [
        90,
        52,
        84,
        91,
        242,
        36
      ],
      [
        104,
        60,
        37,
        46,
        72,
        281
      ]
    ]
  },
  "test": {
    "accuracy": 0.5430722051853917,
    "macro_f1": 0.5349375667246438,
    "weighted_f1": 0.5351456104446128,
    "per_class_f1": [
      0.546555639666919,
      0.7003205128205128,
      0.711969111969112,
      0.3429636533084809,
      0.4078164825828377,
      0.5
    ],
    "per_class_recall": [
      0.6087689713322091,
      0.7283333333333334,
      0.7683333333333333,
      0.3071786310517529,
      0.40336134453781514,
      0.44166666666666665
    ],
    "confusion_matrix": [
      [
        361,
        8,
        16,
        74,
        87,
        47
      ],
      [
        15,
        437,
        35,
        20,
        44,
        49
      ],
      [
        11,
        29,
        461,
        46,
        44,
        9
      ],
      [
        142,
        51,
        69,
        184,
        93,
        60
      ],
      [
        94,
        63,
        90,
        78,
        240,
        30
      ],
      [
        105,
        60,
        24,
        72,
        74,
        265
      ]
    ]
  }
}