{
  "model": "xgboost",
  "mode": "audio",
  "validation": {
    "accuracy": 0.5168664622247003,
    "macro_f1": 0.5112316476927354,
    "weighted_f1": 0.5114188279082396,
    "per_class_f1": [
      0.4988627748294162,
      0.6710204081632654,
      0.6770914777169664,
      0.32234432234432236,
      0.39761092150170646,
      0.500459981600736
    ],
    "per_class_recall": [
      0.5538720538720538,
      0.6861435726210351,
      0.7216666666666667,
      0.2938230383973289,
      0.3915966386554622,
      0.4533333333333333
    ],
    "confusion_matrix": [
      [
        329,
        10,
        29,
        97,
        85,
        44
      ],
      [
        13,
        411,
        39,
        30,
        54,
        52
      ],
      [
        22,
        35,
        433,
        39,
        56,
        15
      ],
      [
        174,
        40,
        63,
        176,
        82,
        64
      ],
      [
        87,
        58,
        81,
        96,
        233,
        40
      ],
      [
        100,
        72,
        34,
        55,
        67,
        272
      ]
    ]
  },
  "test": {
    "accuracy": 0.5271814887092278,
    "macro_f1": 0.5203828788712289,
    "weighted_f1": 0.5205914040464182,
    "per_class_f1": [
      0.5275229357798165,
      0.6931174089068826,
      0.6979655712050078,
      0.3106267029972752,
      0.4027420736932305,
      0.49032258064516127
    ],
    "per_class_recall": [
      0.581787521079258,
      0.7133333333333334,
      0.7433333333333333,
      0.2854757929883139,
      0.3949579831932773,
      0.44333333333333336
    ],
    "confusion_matrix": [
      [
        345,
        6,
        17,
        89,
        82,
        54
      ],
      [
        15,
        428,
        39,
        24,
        39,
        55
      ],
      [
        13,
        31,
        446,
        47,
        51,
        12
      ],
      [
        146,
        51,
        71,
        171,
        96,
        64
      ],
      [
        89,
        59,
        79,
        99,
        235,
        34
      ],
      [
        107,
        60,
        26,
        72,
        69,
        266
      ]
    ]
  }
}