{
  "explained_variance_ratio": [
    0.28099455162186915,
    0.17302853958252515,
    0.12056997968838945,
    0.09902646197146335,
    0.09597857981155115,
    0.08817976129118642,
    0.07466833746657411,
    0.05097207522138503,
    0.013604774237122114,
    0.0029769391079341777
  ],
  "cumulative_explained_variance": [
    0.28099455162186915,
    0.4540230912043943,
    0.5745930708927838,
    0.6736195328642471,
    0.7695981126757983,
    0.8577778739669847,
    0.9324462114335588,
    0.9834182866549438,
    0.9970230608920659,
    1.0000000000000002
  ],
  "components_for_95pct_variance": 8,
  "reconstruction_mse": 8.016369045817413e-31,
  "n_components_used": 10,
  "n_features_original": 10,
  "model": "pca",
  "mode": "lyrics",
  "data_split": "full",
  "n_samples": 20000
}