{
  "model": "knn",
  "mode": "lyrics",
  "validation": {
    "accuracy": 0.441,
    "macro_f1": 0.43634024928477055,
    "weighted_f1": 0.43634024928477055,
    "per_class_f1": [
      0.41971383147853736,
      0.754257907542579,
      0.25806451612903225,
      0.4612850082372323,
      0.2883799830364716
    ],
    "per_class_recall": [
      0.44,
      0.775,
      0.24,
      0.4666666666666667,
      0.2833333333333333
    ],
    "confusion_matrix": [
      [
        264,
        40,
        109,
        64,
        123
      ],
      [
        30,
        465,
        24,
        50,
        31
      ],
      [
        141,
        38,
        144,
        112,
        165
      ],
      [
        99,
        44,
        87,
        280,
        90
      ],
      [
        124,
        46,
        152,
        108,
        170
      ]
    ]
  },
  "test": {
    "accuracy": 0.42866666666666664,
    "macro_f1": 0.42329772267633725,
    "weighted_f1": 0.42329772267633725,
    "per_class_f1": [
      0.41025641025641024,
      0.7429034874290349,
      0.242973708068903,
      0.44591246903385634,
      0.274442538593482
    ],
    "per_class_recall": [
      0.44,
      0.7633333333333333,
      0.22333333333333333,
      0.45,
      0.26666666666666666
    ],
    "confusion_matrix": [
      [
        264,
        42,
        110,
        77,
        107
      ],
      [
        29,
        458,
        24,
        58,
        31
      ],
      [
        154,
        36,
        134,
        104,
        172
      ],
      [
        87,
        61,
        86,
        270,
        96
      ],
      [
        153,
        36,
        149,
        102,
        160
      ]
    ]
  }
}