{
  "model": "knn",
  "mode": "lyrics",
  "validation": {
    "accuracy": 0.44866666666666666,
    "macro_f1": 0.4444553892302302,
    "weighted_f1": 0.4444553892302303,
    "per_class_f1": [
      0.42414614773629866,
      0.7596153846153846,
      0.2964912280701754,
      0.46114432109308284,
      0.2808798646362098
    ],
    "per_class_recall": [
      0.445,
      0.79,
      0.2816666666666667,
      0.45,
      0.27666666666666667
    ],
    "confusion_matrix": [
      [
        267,
        44,
        101,
        65,
        123
      ],
      [
        38,
        474,
        21,
        38,
        29
      ],
      [
        137,
        37,
        169,
        100,
        157
      ],
      [
        88,
        53,
        82,
        270,
        107
      ],
      [
        129,
        40,
        167,
        98,
        166
      ]
    ]
  },
  "test": {
    "accuracy": 0.434,
    "macro_f1": 0.43062183508342644,
    "weighted_f1": 0.43062183508342644,
    "per_class_f1": [
      0.4066193853427896,
      0.7578947368421053,
      0.29679595278246207,
      0.44310344827586207,
      0.24869565217391304
    ],
    "per_class_recall": [
      0.43,
      0.78,
      0.29333333333333333,
      0.42833333333333334,
      0.23833333333333334
    ],
    "confusion_matrix": [
      [
        258,
        36,
        111,
        65,
        130
      ],
      [
        35,
        468,
        23,
        50,
        24
      ],
      [
        155,
        37,
        176,
        87,
        145
      ],
      [
        80,
        68,
        87,
        257,
        108
      ],
      [
        141,
        26,
        189,
        101,
        143
      ]
    ]
  }
}