{
  "explained_variance_ratio": [
    0.18047712487032005,
    0.13313826048941707,
    0.10046557702223864,
    0.07224275490453505,
    0.06196346688486932,
    0.057252694084423905,
    0.05278211295527354,
    0.05167333888520192,
    0.04908794497357349,
    0.04399244362175432
  ],
  "cumulative_explained_variance": [
    0.18047712487032005,
    0.3136153853597371,
    0.4140809623819757,
    0.4863237172865108,
    0.5482871841713801,
    0.605539878255804,
    0.6583219912110776,
    0.7099953300962795,
    0.759083275069853,
    0.8030757186916073
  ],
  "components_for_95pct_variance": 11,
  "reconstruction_mse": 0.1969242783723259,
  "n_components_used": 10,
  "n_features_original": 19,
  "model": "pca",
  "feature_set": "audio+lyric",
  "data_split": "full",
  "n_samples": 6193
}