{
  "model": "logistic",
  "mode": "lyrics",
  "validation": {
    "accuracy": 0.6066666666666667,
    "macro_f1": 0.6029130921536265,
    "weighted_f1": 0.6029130921536265,
    "per_class_f1": [
      0.6927286942924159,
      0.8735244519392917,
      0.3410714285714286,
      0.6439267886855241,
      0.46331409727947237
    ],
    "per_class_recall": [
      0.7383333333333333,
      0.8633333333333333,
      0.31833333333333336,
      0.645,
      0.4683333333333333
    ],
    "confusion_matrix": [
      [
        443,
        5,
        64,
        31,
        57
      ],
      [
        11,
        518,
        23,
        35,
        13
      ],
      [
        107,
        15,
        191,
        84,
        203
      ],
      [
        53,
        33,
        68,
        387,
        59
      ],
      [
        65,
        15,
        174,
        65,
        281
      ]
    ]
  },
  "test": {
    "accuracy": 0.6143333333333333,
    "macro_f1": 0.6089465177522622,
    "weighted_f1": 0.608946517752262,
    "per_class_f1": [
      0.6886503067484663,
      0.8779264214046822,
      0.36609558160504957,
      0.6661143330571665,
      0.44594594594594594
    ],
    "per_class_recall": [
      0.7483333333333333,
      0.875,
      0.3383333333333333,
      0.67,
      0.44
    ],
    "confusion_matrix": [
      [
        449,
        7,
        54,
        29,
        61
      ],
      [
        6,
        525,
        18,
        35,
        16
      ],
      [
        106,
        15,
        203,
        82,
        194
      ],
      [
        51,
        38,
        60,
        402,
        49
      ],
      [
        92,
        11,
        174,
        59,
        264
      ]
    ]
  }
}