{
  "model": "logistic",
  "mode": "lyrics",
  "validation": {
    "accuracy": 0.6046666666666667,
    "macro_f1": 0.6028802186177085,
    "weighted_f1": 0.6028802186177086,
    "per_class_f1": [
      0.6944,
      0.8774302620456467,
      0.3469921534437663,
      0.6394671107410491,
      0.4561115668580804
    ],
    "per_class_recall": [
      0.7233333333333334,
      0.865,
      0.33166666666666667,
      0.64,
      0.4633333333333333
    ],
    "confusion_matrix": [
      [
        434,
        4,
        71,
        32,
        59
      ],
      [
        6,
        519,
        26,
        34,
        15
      ],
      [
        95,
        14,
        199,
        86,
        206
      ],
      [
        52,
        34,
        69,
        384,
        61
      ],
      [
        63,
        12,
        182,
        65,
        278
      ]
    ]
  },
  "test": {
    "accuracy": 0.6143333333333333,
    "macro_f1": 0.6112434052797368,
    "weighted_f1": 0.6112434052797368,
    "per_class_f1": [
      0.6949019607843138,
      0.8778433024431339,
      0.3769633507853403,
      0.6622516556291391,
      0.44425675675675674
    ],
    "per_class_recall": [
      0.7383333333333333,
      0.8683333333333333,
      0.36,
      0.6666666666666666,
      0.43833333333333335
    ],
    "confusion_matrix": [
      [
        443,
        5,
        64,
        30,
        58
      ],
      [
        4,
        521,
        22,
        37,
        16
      ],
      [
        95,
        16,
        216,
        79,
        194
      ],
      [
        46,
        34,
        67,
        400,
        53
      ],
      [
        87,
        11,
        177,
        62,
        263
      ]
    ]
  }
}