{
  "explained_variance_ratio": [
    0.2964258158349909,
    0.16079451186207064,
    0.12678572284546696,
    0.1064737312369329,
    0.0995996540499752,
    0.0915014801768529,
    0.056692936054279296,
    0.04447592155461938,
    0.01725022638481179
  ],
  "cumulative_explained_variance": [
    0.2964258158349909,
    0.45722032769706156,
    0.5840060505425285,
    0.6904797817794615,
    0.7900794358294366,
    0.8815809160062895,
    0.9382738520605688,
    0.9827497736151882,
    1.0
  ],
  "components_for_95pct_variance": 8,
  "reconstruction_mse": 5.771579914647066e-31,
  "n_components_used": 9,
  "n_features_original": 9,
  "model": "pca",
  "mode": "audio",
  "data_split": "full",
  "n_samples": 24000
}