{
  "explained_variance_ratio": [
    0.2964258158349909,
    0.16079451186207064
  ],
  "cumulative_explained_variance": [
    0.2964258158349909,
    0.45722032769706156
  ],
  "components_for_95pct_variance": 3,
  "reconstruction_mse": 0.5427796723029383,
  "n_components_used": 2,
  "n_features_original": 9,
  "model": "pca",
  "mode": "audio",
  "data_split": "full",
  "n_samples": 24000
}