{
  "model": "logistic",
  "mode": "audio",
  "validation": {
    "accuracy": 0.46612768330080845,
    "macro_f1": 0.4579342168869169,
    "weighted_f1": 0.4581910221660565,
    "per_class_f1": [
      0.4307004470938897,
      0.6162790697674418,
      0.647887323943662,
      0.31940575673166205,
      0.3024193548387097,
      0.4309133489461358
    ],
    "per_class_recall": [
      0.48653198653198654,
      0.6193656093489148,
      0.69,
      0.2871452420701169,
      0.25210084033613445,
      0.46
    ],
    "confusion_matrix": [
      [
        289,
        12,
        24,
        101,
        62,
        106
      ],
      [
        17,
        371,
        65,
        22,
        42,
        82
      ],
      [
        16,
        33,
        414,
        55,
        43,
        39
      ],
      [
        173,
        24,
        62,
        172,
        49,
        119
      ],
      [
        157,
        76,
        76,
        77,
        150,
        59
      ],
      [
        96,
        89,
        37,
        51,
        51,
        276
      ]
    ]
  },
  "test": {
    "accuracy": 0.47170337329244494,
    "macro_f1": 0.4633206221991768,
    "weighted_f1": 0.4636326441927971,
    "per_class_f1": [
      0.43512043512043513,
      0.616504854368932,
      0.6635220125786163,
      0.3082502266545784,
      0.3099703849950642,
      0.44655581947743467
    ],
    "per_class_recall": [
      0.47217537942664417,
      0.635,
      0.7033333333333334,
      0.2838063439065108,
      0.2638655462184874,
      0.47
    ],
    "confusion_matrix": [
      [
        280,
        9,
        18,
        116,
        81,
        89
      ],
      [
        18,
        381,
        55,
        18,
        37,
        91
      ],
      [
        17,
        36,
        422,
        57,
        41,
        27
      ],
      [
        158,
        41,
        66,
        170,
        48,
        116
      ],
      [
        136,
        71,
        86,
        87,
        157,
        58
      ],
      [
        85,
        98,
        25,
        56,
        54,
        282
      ]
    ]
  }
}