{
  "model": "xgboost",
  "mode": "lyrics",
  "validation": {
    "accuracy": 0.6033333333333334,
    "macro_f1": 0.5998841326652075,
    "weighted_f1": 0.5998841326652075,
    "per_class_f1": [
      0.6879377431906615,
      0.8716216216216216,
      0.3471223021582734,
      0.6358284272497897,
      0.45691056910569106
    ],
    "per_class_recall": [
      0.7366666666666667,
      0.86,
      0.32166666666666666,
      0.63,
      0.4683333333333333
    ],
    "confusion_matrix": [
      [
        442,
        6,
        58,
        31,
        63
      ],
      [
        9,
        516,
        20,
        34,
        21
      ],
      [
        103,
        13,
        193,
        88,
        203
      ],
      [
        50,
        32,
        78,
        378,
        62
      ],
      [
        81,
        17,
        163,
        58,
        281
      ]
    ]
  },
  "test": {
    "accuracy": 0.6163333333333333,
    "macro_f1": 0.6126044982614027,
    "weighted_f1": 0.6126044982614028,
    "per_class_f1": [
      0.6926751592356688,
      0.8733333333333333,
      0.3708370837083708,
      0.6428571428571429,
      0.48331977217249794
    ],
    "per_class_recall": [
      0.725,
      0.8733333333333333,
      0.3433333333333333,
      0.645,
      0.495
    ],
    "confusion_matrix": [
      [
        435,
        7,
        69,
        33,
        56
      ],
      [
        4,
        524,
        13,
        40,
        19
      ],
      [
        93,
        16,
        206,
        80,
        205
      ],
      [
        49,
        41,
        71,
        387,
        52
      ],
      [
        75,
        12,
        152,
        64,
        297
      ]
    ]
  }
}