{
  "model": "xgboost",
  "mode": "lyrics",
  "validation": {
    "accuracy": 0.595,
    "macro_f1": 0.5930475461655388,
    "weighted_f1": 0.5930475461655389,
    "per_class_f1": [
      0.6766091051805337,
      0.8638655462184874,
      0.34578627280625546,
      0.62778730703259,
      0.45118949958982774
    ],
    "per_class_recall": [
      0.7183333333333334,
      0.8566666666666667,
      0.33166666666666667,
      0.61,
      0.4583333333333333
    ],
    "confusion_matrix": [
      [
        431,
        5,
        76,
        26,
        62
      ],
      [
        9,
        514,
        25,
        33,
        19
      ],
      [
        108,
        15,
        199,
        80,
        198
      ],
      [
        49,
        39,
        81,
        366,
        65
      ],
      [
        77,
        17,
        170,
        61,
        275
      ]
    ]
  },
  "test": {
    "accuracy": 0.593,
    "macro_f1": 0.5898853083197467,
    "weighted_f1": 0.5898853083197467,
    "per_class_f1": [
      0.6698187549251379,
      0.8649544324772163,
      0.3475982532751092,
      0.6216908625106746,
      0.445364238410596
    ],
    "per_class_recall": [
      0.7083333333333334,
      0.87,
      0.33166666666666667,
      0.6066666666666667,
      0.4483333333333333
    ],
    "confusion_matrix": [
      [
        425,
        7,
        74,
        36,
        58
      ],
      [
        3,
        522,
        18,
        35,
        22
      ],
      [
        104,
        17,
        199,
        77,
        203
      ],
      [
        51,
        45,
        84,
        364,
        56
      ],
      [
        86,
        16,
        170,
        59,
        269
      ]
    ]
  }
}