{
  "model": "knn",
  "validation": {
    "accuracy": 0.18452380952380953,
    "macro_f1": 0.1805611987070085,
    "weighted_f1": 0.18056119870700854,
    "per_class_f1": [
      0.17857142857142858,
      0.09302325581395349,
      0.2033898305084746,
      0.18181818181818182,
      0.2413793103448276,
      0.18518518518518517
    ],
    "confusion_matrix": [
      [
        5,
        3,
        3,
        10,
        3,
        4
      ],
      [
        6,
        2,
        7,
        8,
        2,
        3
      ],
      [
        5,
        1,
        6,
        2,
        9,
        5
      ],
      [
        7,
        3,
        5,
        6,
        1,
        6
      ],
      [
        2,
        3,
        5,
        8,
        7,
        3
      ],
      [
        3,
        3,
        5,
        4,
        8,
        5
      ]
    ]
  },
  "test": {
    "accuracy": 0.17857142857142858,
    "macro_f1": 0.1796505148943457,
    "weighted_f1": 0.1796505148943457,
    "per_class_f1": [
      0.1935483870967742,
      0.28,
      0.14814814814814814,
      0.2,
      0.1509433962264151,
      0.10526315789473684
    ],
    "confusion_matrix": [
      [
        6,
        3,
        4,
        6,
        4,
        5
      ],
      [
        5,
        7,
        2,
        5,
        5,
        4
      ],
      [
        6,
        1,
        4,
        5,
        4,
        8
      ],
      [
        6,
        4,
        5,
        6,
        2,
        5
      ],
      [
        7,
        4,
        4,
        5,
        4,
        4
      ],
      [
        4,
        3,
        7,
        5,
        6,
        3
      ]
    ]
  }
}