{
  "model": "knn",
  "validation": {
    "accuracy": 0.4284176533907427,
    "macro_f1": 0.27951217474889195,
    "weighted_f1": 0.3959739506073495,
    "per_class_f1": [
      0.08571428571428572,
      0.15384615384615385,
      0.5,
      0.4393530997304582,
      0.0,
      0.498159509202454
    ],
    "per_class_recall": [
      0.04838709677419355,
      0.09375,
      0.5263157894736842,
      0.4808259587020649,
      0.0,
      0.5623268698060941
    ],
    "confusion_matrix": [
      [
        3,
        0,
        1,
        29,
        0,
        29
      ],
      [
        0,
        9,
        2,
        40,
        0,
        45
      ],
      [
        0,
        0,
        20,
        6,
        1,
        11
      ],
      [
        3,
        5,
        12,
        163,
        0,
        156
      ],
      [
        0,
        3,
        2,
        18,
        0,
        10
      ],
      [
        2,
        4,
        5,
        147,
        0,
        203
      ]
    ]
  },
  "test": {
    "accuracy": 0.43057050592034446,
    "macro_f1": 0.27906837236091964,
    "weighted_f1": 0.39652117969530803,
    "per_class_f1": [
      0.18666666666666668,
      0.05172413793103448,
      0.4857142857142857,
      0.4544179523141655,
      0.0,
      0.49588719153936545
    ],
    "per_class_recall": [
      0.11475409836065574,
      0.03125,
      0.4473684210526316,
      0.4778761061946903,
      0.0,
      0.5828729281767956
    ],
    "confusion_matrix": [
      [
        7,
        1,
        0,
        20,
        0,
        33
      ],
      [
        0,
        3,
        1,
        31,
        0,
        61
      ],
      [
        0,
        0,
        17,
        13,
        0,
        8
      ],
      [
        3,
        11,
        6,
        162,
        0,
        157
      ],
      [
        0,
        0,
        2,
        12,
        0,
        19
      ],
      [
        4,
        5,
        6,
        136,
        0,
        211
      ]
    ]
  }
}