{
  "model": "xgboost",
  "validation": {
    "accuracy": 0.5489773950484392,
    "macro_f1": 0.46313487741231446,
    "weighted_f1": 0.5403167470851991,
    "per_class_f1": [
      0.48598130841121495,
      0.32098765432098764,
      0.5542168674698795,
      0.536986301369863,
      0.24390243902439024,
      0.636734693877551
    ],
    "per_class_recall": [
      0.41935483870967744,
      0.2708333333333333,
      0.6052631578947368,
      0.5781710914454278,
      0.15151515151515152,
      0.6481994459833795
    ],
    "confusion_matrix": [
      [
        26,
        2,
        1,
        23,
        0,
        10
      ],
      [
        1,
        26,
        0,
        40,
        1,
        28
      ],
      [
        1,
        1,
        23,
        8,
        0,
        5
      ],
      [
        5,
        27,
        15,
        196,
        2,
        94
      ],
      [
        2,
        2,
        3,
        18,
        5,
        3
      ],
      [
        10,
        8,
        3,
        106,
        0,
        234
      ]
    ]
  },
  "test": {
    "accuracy": 0.55005382131324,
    "macro_f1": 0.4710063524904465,
    "weighted_f1": 0.5427665136741934,
    "per_class_f1": [
      0.48148148148148145,
      0.4878048780487805,
      0.5641025641025641,
      0.521497919556172,
      0.15,
      0.6211512717536813
    ],
    "per_class_recall": [
      0.4262295081967213,
      0.4166666666666667,
      0.5789473684210527,
      0.5545722713864307,
      0.09090909090909091,
      0.6408839779005525
    ],
    "confusion_matrix": [
      [
        26,
        0,
        0,
        21,
        0,
        14
      ],
      [
        1,
        40,
        2,
        32,
        1,
        20
      ],
      [
        0,
        1,
        22,
        14,
        1,
        0
      ],
      [
        10,
        16,
        8,
        188,
        2,
        115
      ],
      [
        0,
        2,
        2,
        22,
        3,
        4
      ],
      [
        10,
        9,
        6,
        105,
        0,
        232
      ]
    ]
  }
}