{
  "model": "xgboost",
  "validation": {
    "accuracy": 0.20833333333333334,
    "macro_f1": 0.2030782827530795,
    "weighted_f1": 0.20307828275307951,
    "per_class_f1": [
      0.0975609756097561,
      0.25925925925925924,
      0.23076923076923078,
      0.15151515151515152,
      0.06666666666666667,
      0.4126984126984127
    ],
    "confusion_matrix": [
      [
        2,
        4,
        4,
        9,
        4,
        5
      ],
      [
        3,
        7,
        5,
        3,
        7,
        3
      ],
      [
        1,
        3,
        6,
        2,
        8,
        8
      ],
      [
        3,
        3,
        4,
        5,
        8,
        5
      ],
      [
        2,
        4,
        2,
        17,
        2,
        1
      ],
      [
        2,
        5,
        3,
        2,
        3,
        13
      ]
    ]
  },
  "test": {
    "accuracy": 0.19642857142857142,
    "macro_f1": 0.2004688359074324,
    "weighted_f1": 0.20046883590743236,
    "per_class_f1": [
      0.10526315789473684,
      0.2222222222222222,
      0.15384615384615385,
      0.3333333333333333,
      0.24,
      0.14814814814814814
    ],
    "confusion_matrix": [
      [
        2,
        2,
        9,
        2,
        3,
        10
      ],
      [
        1,
        6,
        3,
        1,
        6,
        11
      ],
      [
        1,
        2,
        5,
        5,
        2,
        13
      ],
      [
        1,
        3,
        7,
        8,
        2,
        7
      ],
      [
        2,
        5,
        6,
        3,
        6,
        6
      ],
      [
        3,
        8,
        7,
        1,
        3,
        6
      ]
    ]
  }
}