{
  "model": "knn",
  "mode": "audio",
  "validation": {
    "accuracy": 0.4770002787844996,
    "macro_f1": 0.470324790261262,
    "weighted_f1": 0.4705569618594827,
    "per_class_f1": [
      0.45981830887491265,
      0.653781512605042,
      0.6687948922585794,
      0.2647887323943662,
      0.3207885304659498,
      0.4539767649687221
    ],
    "per_class_recall": [
      0.5538720538720538,
      0.6494156928213689,
      0.6983333333333334,
      0.2353923205342237,
      0.30084033613445377,
      0.42333333333333334
    ],
    "confusion_matrix": [
      [
        329,
        13,
        28,
        80,
        85,
        59
      ],
      [
        29,
        389,
        45,
        29,
        55,
        52
      ],
      [
        33,
        32,
        419,
        49,
        42,
        25
      ],
      [
        189,
        36,
        52,
        141,
        94,
        87
      ],
      [
        146,
        54,
        73,
        101,
        179,
        42
      ],
      [
        111,
        67,
        36,
        66,
        66,
        254
      ]
    ]
  },
  "test": {
    "accuracy": 0.47030945079453584,
    "macro_f1": 0.46291269473129865,
    "weighted_f1": 0.4632406278421672,
    "per_class_f1": [
      0.43397573162027125,
      0.6376811594202898,
      0.6713947990543735,
      0.283436669619132,
      0.3040604343720491,
      0.44692737430167595
    ],
    "per_class_recall": [
      0.5126475548060708,
      0.66,
      0.71,
      0.2671118530884808,
      0.27058823529411763,
      0.4
    ],
    "confusion_matrix": [
      [
        304,
        13,
        19,
        117,
        81,
        59
      ],
      [
        25,
        396,
        48,
        36,
        37,
        58
      ],
      [
        27,
        32,
        426,
        59,
        39,
        17
      ],
      [
        166,
        61,
        60,
        160,
        91,
        61
      ],
      [
        151,
        63,
        86,
        95,
        161,
        39
      ],
      [
        135,
        77,
        30,
        63,
        55,
        240
      ]
    ]
  }
}